{"Col_0":{"Row_0":0.7751607695,"Row_1":0.0506971674,"Row_2":0.6971463099,"Row_3":0.6443963624,"Row_4":0.3524761815,"Row_5":0.2019064691,"Row_6":0.4828168257,"Row_7":0.7777996243,"Row_8":0.7616003153,"Row_9":0.5096591279,"Row_10":0.0198448998,"Row_11":0.0558775378,"Row_12":0.5882576135,"Row_13":0.7385029279,"Row_14":0.0354886905,"Row_15":0.7487075406,"Row_16":0.3384324642,"Row_17":0.0833027013,"Row_18":0.1400611978,"Row_19":0.4516030056,"Row_20":0.2768964538,"Row_21":0.0589673011,"Row_22":0.0558686577,"Row_23":0.1384995456,"Row_24":0.8252928819,"Row_25":0.5452194129,"Row_26":0.3242347256,"Row_27":0.0081123862,"Row_28":0.4716705821,"Row_29":0.9480051052,"Row_30":0.1088916548,"Row_31":0.1497651762,"Row_32":0.6332837458,"Row_33":0.8966167578,"Row_34":0.8286662307,"Row_35":0.9917622358,"Row_36":0.816405193,"Row_37":0.3078608122,"Row_38":0.0047643426,"Row_39":0.1522853829,"Row_40":0.4174005831,"Row_41":0.4121999021,"Row_42":0.9795874932,"Row_43":0.4002901365,"Row_44":0.3568700896,"Row_45":0.9669149893,"Row_46":0.0032941039,"Row_47":0.5997890059,"Row_48":0.4902893105,"Row_49":0.6131856034,"Row_50":0.506002224,"Row_51":0.1447474748,"Row_52":0.687903125,"Row_53":0.1945586172,"Row_54":0.8137633568,"Row_55":0.9410040174,"Row_56":0.7123406128,"Row_57":0.0173740667,"Row_58":0.0238457191,"Row_59":0.362797429,"Row_60":0.0941369099,"Row_61":0.0513944462,"Row_62":0.269057956,"Row_63":0.8677859671,"Row_64":0.891616509,"Row_65":0.8189866949,"Row_66":0.9571023427,"Row_67":0.4171425938,"Row_68":0.420436227,"Row_69":0.8436835609,"Row_70":0.5887832646,"Row_71":0.6603712743,"Row_72":0.0922044493,"Row_73":0.6147387071,"Row_74":0.6400769988,"Row_75":0.9156391171,"Row_76":0.6562785424,"Row_77":0.1312885856,"Row_78":0.082417554,"Row_79":0.6735251533,"Row_80":0.492574397,"Row_81":0.8940606553,"Row_82":0.4312060597,"Row_83":0.1992226621,"Row_84":0.5021680495,"Row_85":0.1837771763,"Row_86":0.2242542348,"Row_87":0.0170334929,"Row_88":0.3649640297,"Row_89":0.2756556618,"Row_90":0.1574656841,"Row_91":0.81057306,"Row_92":0.3543151675,"Row_93":0.1910931357,"Row_94":0.1946798182,"Row_95":0.0533170384,"Row_96":0.4350692338,"Row_97":0.1052601878,"Row_98":0.9411204158,"Row_99":0.3609772323},"Col_1":{"Row_0":2.403496874,"Row_1":0.0102808111,"Row_2":1.9440519097,"Row_3":1.6609866875,"Row_4":0.4969578341,"Row_5":0.163064889,"Row_6":0.9324483487,"Row_7":2.4198890224,"Row_8":2.320140161,"Row_9":1.0390097066,"Row_10":0.0015752802,"Row_11":0.0124891969,"Row_12":1.3841880792,"Row_13":2.1815462978,"Row_14":0.0050377886,"Row_15":2.2422519253,"Row_16":0.4581461314,"Row_17":0.0277573601,"Row_18":0.0784685565,"Row_19":0.8157810986,"Row_20":0.3066865844,"Row_21":0.0139085704,"Row_22":0.0124852277,"Row_23":0.0767284965,"Row_24":2.7244333639,"Row_25":1.1890568328,"Row_26":0.4205126292,"Row_27":0.0002632432,"Row_28":0.8898925521,"Row_29":3.5948547182,"Row_30":0.04742957,"Row_31":0.089718432,"Row_32":1.6041932106,"Row_33":3.2156864414,"Row_34":2.7467508874,"Row_35":3.9343693292,"Row_36":2.6660697564,"Row_37":0.3791131188,"Row_38":0.0000907958,"Row_39":0.0927633514,"Row_40":0.696892987,"Row_41":0.6796350372,"Row_42":3.8383666275,"Row_43":0.6409287734,"Row_44":0.5094250434,"Row_45":3.7396983863,"Row_46":0.0000434045,"Row_47":1.4389874064,"Row_48":0.961534432,"Row_49":1.5039863368,"Row_50":1.0241530026,"Row_51":0.0838073258,"Row_52":1.8928428376,"Row_53":0.151412222,"Row_54":2.6488432033,"Row_55":3.5419542432,"Row_56":2.0297165945,"Row_57":0.0012074328,"Row_58":0.0022744733,"Row_59":0.5264878981,"Row_60":0.0354470312,"Row_61":0.0105655564,"Row_62":0.2895687347,"Row_63":3.0122099389,"Row_64":3.1799199964,"Row_65":2.6829568256,"Row_66":3.6641795779,"Row_67":0.6960317743,"Row_68":0.707066484,"Row_69":2.847207804,"Row_70":1.3866629306,"Row_71":1.7443608795,"Row_72":0.0340066419,"Row_73":1.5116147118,"Row_74":1.6387942576,"Row_75":3.3535799708,"Row_76":1.7228061006,"Row_77":0.0689467708,"Row_78":0.0271706128,"Row_79":1.8145445287,"Row_80":0.9705181465,"Row_81":3.1973778215,"Row_82":0.7437546637,"Row_83":0.1587586764,"Row_84":1.0086909997,"Row_85":0.1350962021,"Row_86":0.2011598473,"Row_87":0.0011605595,"Row_88":0.532794972,"Row_89":0.3039441755,"Row_90":0.0991817667,"Row_91":2.6281147423,"Row_92":0.5021569518,"Row_93":0.146066346,"Row_94":0.1516009264,"Row_95":0.0113708264,"Row_96":0.7571409527,"Row_97":0.0443188286,"Row_98":3.5428305483,"Row_99":0.5212182491},"Col_2":{"Row_0":1,"Row_1":0,"Row_2":1,"Row_3":1,"Row_4":0,"Row_5":0,"Row_6":0,"Row_7":1,"Row_8":1,"Row_9":1,"Row_10":0,"Row_11":0,"Row_12":1,"Row_13":1,"Row_14":0,"Row_15":1,"Row_16":0,"Row_17":0,"Row_18":0,"Row_19":0,"Row_20":0,"Row_21":0,"Row_22":0,"Row_23":0,"Row_24":1,"Row_25":1,"Row_26":0,"Row_27":0,"Row_28":0,"Row_29":1,"Row_30":0,"Row_31":0,"Row_32":1,"Row_33":1,"Row_34":1,"Row_35":1,"Row_36":1,"Row_37":0,"Row_38":0,"Row_39":0,"Row_40":0,"Row_41":0,"Row_42":1,"Row_43":0,"Row_44":0,"Row_45":1,"Row_46":0,"Row_47":1,"Row_48":0,"Row_49":1,"Row_50":1,"Row_51":0,"Row_52":1,"Row_53":0,"Row_54":1,"Row_55":1,"Row_56":1,"Row_57":0,"Row_58":0,"Row_59":0,"Row_60":0,"Row_61":0,"Row_62":0,"Row_63":1,"Row_64":1,"Row_65":1,"Row_66":1,"Row_67":0,"Row_68":0,"Row_69":1,"Row_70":1,"Row_71":1,"Row_72":0,"Row_73":1,"Row_74":1,"Row_75":1,"Row_76":1,"Row_77":0,"Row_78":0,"Row_79":1,"Row_80":0,"Row_81":1,"Row_82":0,"Row_83":0,"Row_84":1,"Row_85":0,"Row_86":0,"Row_87":0,"Row_88":0,"Row_89":0,"Row_90":0,"Row_91":1,"Row_92":0,"Row_93":0,"Row_94":0,"Row_95":0,"Row_96":0,"Row_97":0,"Row_98":1,"Row_99":0},"Col_3":{"Row_0":0.3299965852,"Row_1":-0.3944670169,"Row_2":0.2519821257,"Row_3":0.1992321782,"Row_4":-0.0926880027,"Row_5":-0.2432577151,"Row_6":0.0376526415,"Row_7":0.3326354401,"Row_8":0.3164361311,"Row_9":0.0644949437,"Row_10":-0.4253192845,"Row_11":-0.3892866464,"Row_12":0.1430934292,"Row_13":0.2933387436,"Row_14":-0.4096754937,"Row_15":0.3035433564,"Row_16":-0.10673172,"Row_17":-0.361861483,"Row_18":-0.3051029865,"Row_19":0.0064388214,"Row_20":-0.1682677305,"Row_21":-0.3861968831,"Row_22":-0.3892955265,"Row_23":-0.3066646387,"Row_24":0.3801286977,"Row_25":0.1000552287,"Row_26":-0.1209294586,"Row_27":-0.437051798,"Row_28":0.0265063979,"Row_29":0.502840921,"Row_30":-0.3362725294,"Row_31":-0.2953990081,"Row_32":0.1881195615,"Row_33":0.4514525736,"Row_34":0.3835020464,"Row_35":0.5465980515,"Row_36":0.3712410087,"Row_37":-0.137303372,"Row_38":-0.4403998416,"Row_39":-0.2928788013,"Row_40":-0.0277636011,"Row_41":-0.0329642821,"Row_42":0.534423309,"Row_43":-0.0448740478,"Row_44":-0.0882940946,"Row_45":0.5217508051,"Row_46":-0.4418700804,"Row_47":0.1546248217,"Row_48":0.0451251263,"Row_49":0.1680214192,"Row_50":0.0608380397,"Row_51":-0.3004167095,"Row_52":0.2427389408,"Row_53":-0.2506055671,"Row_54":0.3685991725,"Row_55":0.4958398332,"Row_56":0.2671764286,"Row_57":-0.4277901175,"Row_58":-0.4213184652,"Row_59":-0.0823667552,"Row_60":-0.3510272744,"Row_61":-0.393769738,"Row_62":-0.1761062282,"Row_63":0.4226217829,"Row_64":0.4464523248,"Row_65":0.3738225107,"Row_66":0.5119381585,"Row_67":-0.0280215904,"Row_68":-0.0247279572,"Row_69":0.3985193767,"Row_70":0.1436190804,"Row_71":0.21520709,"Row_72":-0.3529597349,"Row_73":0.1695745228,"Row_74":0.1949128146,"Row_75":0.4704749328,"Row_76":0.2111143581,"Row_77":-0.3138755987,"Row_78":-0.3627466302,"Row_79":0.2283609691,"Row_80":0.0474102128,"Row_81":0.4488964711,"Row_82":-0.0139581245,"Row_83":-0.2459415221,"Row_84":0.0570038653,"Row_85":-0.2613870079,"Row_86":-0.2209099494,"Row_87":-0.4281306913,"Row_88":-0.0802001545,"Row_89":-0.1695085224,"Row_90":-0.2876985001,"Row_91":0.3654088758,"Row_92":-0.0908490167,"Row_93":-0.2540710486,"Row_94":-0.2504843661,"Row_95":-0.3918471458,"Row_96":-0.0100949505,"Row_97":-0.3399039964,"Row_98":0.4959562316,"Row_99":-0.0841869519}}